时间,经度,纬度,GPS状态,GPS卫星数量
20:27:9,30.502859078333334,114.42873138833333,1,24
